"Formon juego taltols (1/2"", 3/4"", 1"")"
Foco led A60
Foco led 7w IML
Foco led 9W Silvania
Foco led 12w Sylvania
Foco blanco Sylvania 12w
Foco led 12W IML
Foco 15w IML
Foco tipo diamante 35w IML
Foco 45w IML
Foco 60w IML
Foco espiral Silvania 25W
Foco LED 30w susa
Foco P/lampara 2 pilas liso
Foco P/lampara 2 pilas c/rosca
Foco volteck 65W
Foco P/refri/horno Best Value
Foco P/refri 25W BV
Foco P/refri E.14 15w
Foco P/refri pequeño 10w
Arbotante de seguridad Volteck 300w
Foco emergencia 12w Orobar
Foco 2 pilas c/rosca
Foco c/rosca 7 1/2
Foco mata mosquito 15w IML
Foco ahorrador 25w Silvania
Foco ahorrador 9w LED Silvania
Foco ahorrador 65w Voltech
Foco LED c/bocina y bluetooth
Foco LED recargable Truper 1600 m
Foco Blanco 15w 3B
Foco LED tipo OVNI 29 w 3B
Foco LED tipo OVNI 36 w 3B
Foco LED tipo OVNI 50 w 3B
"Foco LED pilar tipo ""A"" 30w"
"Foco LED pilar tipo ""A"" 40w"
"Foco LED pilar tipo ""A"" 50w"
Porta fusible
Fusibles 15, 20, 25 A
Fusible 3, 5 A
Fusible 12V
Fusible 30 A
Fusible 100 pzas 15 A
Minifusible 5A
Minifusible 7.5A
Minifusible 10A
Minifusible 15A
Minifusible 20A
Minifusible 30A
Minifusible 25A
Foco 12 v 1 contacto vidrio claro
Foco 2 contactos
Foco 1 contacto
Foco de cola de pez vidrio claro
Foco de cola de pez vidrio claro 12W
Foco de cola de pez vidrio claro 1 contacto
Foco de cola de pez vidrio claro 1.2W
Galeria P/ventana madera 48x84 (juegos)
Galeria blanca circular 28x48
Galeria P/ventana blanca 28x48
Galeria P/ventana dorada 28x48
Galeria P/ventana blanca 48x84
Galeria P/ventana dorada 48x84
"Galeria P/ventana punta dorada 48"""
Galeria P/baño 2mts blanca
Galeria P/baño aluminio
Galeria dorada 28x48 
Galeria blanca punta dorada 28x48
Grasa Truper 450grs
Grasa tithium #2 ABRO
Gancho P/hamaca y perno (pares)
Gancho P/hamaca con placa (pares)
Gancho P/hamaca Hunter
Grapa plastica circular 10 mm
Grapa plastica circular 6 mm 
Grapa plastica circular 8 mm
Grapa plastica 14x2
Grapa plastica 12x3
Grapa plastica 14x3
Grapa plastica 10x2
Grapa plastica 12x2
Grapa plastica 16x2
Grapa plastica 18x2
Grapa plastica 22x2
Grapa P/cable coaxial
Grapa plastica comdi 22mm
Guante limpieza grande Truper
Guante tela VK
Guante cuero VK
Guante cuero corto VK
Guante cuero y lona
Guante tela Pretul
Guante poliester Truper
Guante de cuero manga larga 
Guante de cuero reforzado Atlas
Guantes de hule Truper naranja
Guante hule Pretul
Guante recubierto de hule
Guante de hule Truper doble 
Guante de hule multiusos Pretul
Guante de puntos tela Pretul
Guante nitrilo 
Grifa de 1/4 x 3/8
Grifa de 1/2 x 3/8
Gas kerosene (botella)
Gas kerosene   
Gancho p/espejo metal
Gancho p/espejo Hunter
Grava (mt3)
Garrucha 1'
Garrucha 1 1/2'
Garrucha 2'
Grapa P/cerca grande
Grapa P/cerca pequeña
Mascarilla Truper N95 c/valvula
Mascarilla KN95 IML
Alcohol gel 60ml.
Alcohol gel 500ml.
Sanitizante 250ml spray
Sanitizante 100ml spray
Sanitizante Kleantec
Sanitizante sanitec
Alfombra desinfectante
Hacha Truper 4 1/2 lb C/cabo
"Hacha c/cabo 3"" c/mango"
"Hacha c/cabo 4 1/2"" c/mango"
Haladera puntitos metal 
Haladera metal Hermex
Haladera laton antiguo brillante
Haladera laton 76 mm
Haladera china cromada 3''
Haladera china cromada 4'
Haladera china 5'
Haladera china 6'
Haladera madera
Haladera dorada Hermex 7.6cm
Haladera bronce
Haladera decorada blanca
Haladera decorada redonda
Haladera decorada café
Haladera boton blanco tipo hongo Her. 30.7mm
Haladera boton madera Her. 30.7mm
Haladera boton bronze Her.37.2mm
Haladera boton dorada Her. 37.2mm
Haladera boton blanca VK
Hierro corrugado 1/4 comercial 5.5mm (varilla)
Hierro corrugado 3/4 corinca (3 v) qq
Hierro corrugado 3/8 corinca (varilla)
Hierro corrugado 3/8 chapin 
Hierro corrugado 1/2 corinca (varilla)
Hierro corrugado 1/2 chapin
Hierro corrugado 5/8 corinca (5v)
Hierro Cuadrado 3/8 x varilla
Hierro Cuadrado 1/2 x varilla
Hierro entorchado 3/8
Hierro entorchado 1/2
Hilo nylon blanco #6
Hilo nylon blanco #9
Hilo nylon blanco #30
Hilo nylon blanco #36
Hilo nylon P/pescar (rollo) 0.40 x 10 yd
Hilo nylon p/pescar (rollo) 0.40 x 100 mt
Hilo corto grimo tipo cruceta 2.0 x 15mts
Hilo P/desbrazadora Vk
Hilo P/desbrazadora truper
Hilo corta grama 2.7mm 12 mt
Hilo corta grama tipo cruceta 2.0 x 15 mt
Junco lb
Hierro 3/8 liso (10v)
Hierro 1/2 liso
Hierro 5/8 liso
Ladrillo Dado 20x20x20
Ladrillo Bloque 15x20x40
Ladrillo Bloque 10x20x40
Ladrillo Solera 10x20x40
Ladrillo Dado 10x20x20
Ladrillo Columna 20x20x40
Ladrillo Columna 20x20x20
Ladrillo de obra
Ladrillo piso 25x25 gris/rojo
Lazos naranja grueso
Lazos verde grueso 
Lazo colores delgado corto
Lazo naranja delgado 
Lazo colores grueso largo
Cuerda corta
Lampara led Pretul de mano recargable
Lampara de mano 3 pilas 
Lampara LED c/base
Lampara LED 1.2w 21LEDs
Lampara LED 18w 
Lampara 20w electronic LED
Lampara Sylvania 40w
Lampara 40w electronic LED
Lampara 20 w x 1 prolight
Lampara 40 w x 1 prolight
Lampara 40 w x 2 
Lampara circular 6w cielo falso Aksi
Lampara circular 12w cielo falso Aksi
Lampara 20W Rocwell completa
Lampara 22w circular Volteck
Lampara 22 w Mini 
Lampara 18 w LED  
Lampara 25 w LED
Ojo de Aguila Wellmax 7w
Lampara circular completa 
Lampara circular 32 w completa
Pedestal para lavamanos blanco
Lavamanos blanco
Lavamanos estandar incessa blanco
Lavamanos FV remo + uñetas
Lavatrastos metalico una ala 
Lavamanos Wall.Hung
Lamina de hierro 3/64 super orig
Lamina de hierro 3/64 com.
Lamina de hierro 3/64 leg.
Lamina de hierro 1/16 com
Lamina Plycem P-10 (pie) gris
Lamina Plycem p-10 (pie) rojo
Lamina Plycem p-7 (pie) gris
Lamina Plycem p-7 (pie) rojo
Lamina duralita standard (pie)
Lamina duralita standard (pie) 6mm
Lamina desplegada 3/4 #16
Lamina desplegada 1/2 #16
Lamina lisa #24 3yd 0.50mm
Lamina lisa #28 3yd MM
Lamina lisa #28 2yd MM
Lamina lisa #28 3yd Didelco
Lamina lisa #26 3yd mm
Lamina lisa #26 2yd mm
Lamina lisa #26 2yd galvatica
lamina lisa #26 3yd galvatica
Lamina lagrimada 2x1 3/32
Lamina plastica P-10 6' lech y verde
Lamina plastica P-10 7' lech y verde
Lamina plastica P-10 8' lech y verde
Lamina plastica P-10 9' lech y verde
Lamina plastica P-10 10' lech y verde
Lamina plastica rural 2yds
Lamina plastica rural 3yds
Lamina plastica P-7 6'
Lamina plastica P-7 7'
Lamina plastica P-7 8'
Lamina plastica P-7 9'
Lamina plastica P-7 10'
Lamina plastica P-7 11'
Lamina plastica P-7 12'
Teja plastica P-7
Teja plastica P-10
Tope p/puerta 
Lapiz bicolor facela
Lapiz carpintero 18 cm Truper
Lamina zinc plastico 3mts lechoso
Lamina zincalum plastica 10' blanca
Lamina zincalum galvanizada metro
Lamina zincalum DuraZinc (metro)
Capote zin 2.44mts Durazinc
Lamina duralum metro
Lamina zincalum estandar calibre 26
Lente de seguridad transparente VK
Lente de seguridad transparente con pata negra
Lente P/seguridad truper obscuro
Lente de proteccion gris obscuro
Lentes oscuros p/soldar
Lentes P/soldar C/valvula
Lente p/esmerilar transparente
Lente p/esmerilar oscuro
Lamina galvanizada canalada canal #32 3yd
Lamina galvanizada canalada canal #32 2yd
Lamina galvanizada canalada canal #28 3yd
Lamina galvanizada canalada canal #28 2yd
Lamina galvanizada canalada canal #26 3yd
Lamina galvanizada canalada canal #26 2yd
Lija P/agua #60  
Lija P/agua #80
Lija P/agua #100
Lija P/agua #120
Lija P/agua #150 
Lija P/agua #180
Lija P/agua #320
Lija P/agua #400
Lija P/agua #600
Lija P/agua #1000
Lija P/agua #1200
Lija P/agua #1500
Lija p/agua #2000
Lija P/madera #36
Lija P/madera #40
Lija P/madera #50
Lija P/madera #60
Lija P/madera #80
Lija P/madera #100
Lija P/madera #120
Lija P/madera #150
Lija P/madera #180
Lija P/madera #220
Lija para hierro #36
Lija para hierrp #40
Lija para hierro #50
Lija para hierro #60
Lija para hierro #80
Lija para hierro #100
Lija para hierro #120
Lija para hierro #150
Lija para hierro #180
Lija para hierro #220
Lija 2' C/adhesivo metro
Lija P/masilla #36 3M
Lija P/masilla #36 fandeli
Lija P/masilla #36 3MM
Lija P/masilla #40 fandeli
Lija p/masilla #80 
Disco lija #40 4 1/2
Disco lija #60 4 1/2
Disco lija #80 norton 4 1/2
Disco lija Wokin 4 1/2 #120
Disco lija Aguila laminado 4 1/2 #120
Disco lija Aguila laminado 4 1/2 #100
"Disco lija grado 30 7"""
Disco lija #36 7'
Disco lija #80 7'
Disco lija #120 7'
Respaldo P/disco lija 7'
Respaldo P/disco lija 7' 80 Truper
Respaldo P/disco lija 7' 36 Truper
Lima triangular 6' c/cabo Truper
"Lima triangular 4"" bellota"
Lima triangular 4' Truper
Lima triangular 6' Truper
Lima triangular 6' bellota
Lima triangular 8' bellota
Lima triangular 6' 2 puntas
Lima triangular 8' Truper
Lima cuadrada 6'' bellota
Lima cuadrada 8'' bellota
Lima cuadrada 6'' Truper
Lima redonda 6' bellota 
Lima redonda 8' c/mango
Lima redonda 8' Truper
Lima redonda 10' bellota
Lima plana 6' Truper
Lima plana 8' Truper
Piedra lima norton
Piedra lima 8' VK
Piedra lima 6' VK
Juego piedras P/taladro
"Lima doble punta 6"" bellota "
"Lima doble punta 8"" bellota "
"Lima micholsa 2 puntas triangular 6"""
Porta baterias 4B
Porta baterias cuadrado
Porta baterias mini p/circuito
Llana P/albañil y esponja pretul
Flota espuma Pretul
Flota espuma Wokin
Plancha c/esponja VK
Llana P/albañil lisa VK
Llana P/albañil c/dientes VK
Llana P/albañil c/dientes Truper
Llana P/albañil d/esponja Truper
Llana P/albañil madera
Llana lisa Truper
Llave mixta TW #8
Llave mixta TW #9 
Llave mixta Stanley #9
Llave mixta TW #10
Llave mixta #11 VK
Llave mixta TW #11
Llave mixta TW #12
Llave mixta TW #13
Llave mixta tramontina #14
Llave mixta tramontina #15
Llave mixta #14 VK
Llave mixta TW #14
Llave mixta TW #15
Llave mixta TW #17
Llave mixta #17 VK
Llave mixta #17 Pretul
Llave mixta china #17
Llave mixta TW #19
Llave plomero Truper 1/2 - 1
Lona reforzada 3x3 azul Truper
Lona reforzada 3x3 azul Pretul
Lona reforzada 3x4 azul Truper
Lona reforzada 3x4 azul Pretul
Juego de llave allen Truper 8pcs
Juego de llave allen Pretul 8pcs
Juego llave Torx J-8w
Llave stilson 6'
Llave stilson 8'
Llave stilson 10'
"Llave stilson 14"""
Llave cruz galvanizada 14' Pretul
Llave cruz galvanizada VK
Llave P/taladro 1/2 hunter
Llave P/taladro 3/8 hunter
Lllave P/taladro Wokin 1/2''
Lllave P/taladro AKSI 1/2''
Lllave P/taladro Truper 1/2''
Lllave P/taladro AKSI 3/8''
Juego de llave (drill) 3/8
Juego de llave (drill) 1/2
Adaptador P/taladro 1/4 wokin
Broquero 3/8 pretul
Broquero 1/2 pretul
Lupa 3'
Manecilla P/tanque metal
Manecilla P/tanque plastica
Manecilla P/tanque metal sanbek
Manguera de 1/2 x 25' Typsa 
Manguera de 1/2 x 10 mt Pretul
Manguera reforzada 1/2 x 10 m Truper
Manguera de 1/2 x 15 mt  
Manguera de 1/2 x 50' reforzada
Manguera 10mt Pretul
Manguera de 1/2 x 15mt Pretul
Manguera de 1/2 x 20 mts reforzada Truper
Manguera de 1/2 x 75' reforzada
Manguera de 1/2 x 75' Typsa
Manguera de 1/2 x 50' Typsa 
Manguera de 1/2 x 100' Typsa
Manguera de 1/2 x 100' reforzada
Manguera transparente (rollo)
Manguera p/nivel yarda
Manguera P/lavadora coflex
Manguera p/lavadora federalli 
Manguera p/desagüe coflex p-1
Manguera p/desagüe china 1.5mts
Manguera p/lavadora Aqua Blue
Manguera para cocina (Yardas)
"Machete imacassa 18"""
"Machete imacassa 20"""
Machete Truper 18''
Machete Truper 20''
"Machete Truper 22"""
"Machete imacassa 20"" recto"
Machete 20' corneta
Marco p/sierra de acero wokin
Marco P/sierra tramontina
Marco P/sierra-mini-Vk
Marco P/sierra chino VK
Marco p/sierra Pretul
Martillo fibra vidrio 16 onz Pretul
Martillo fibra vidrio VK 16 onz
Martillo uña 7 onz Pretul
Martillo uña 16 onz VK
Martillo de uña 16 onz Pretul
Martillo hule VK 6 onz 
Martillo hule VK 8 onz 
Martillo de hule 12 onz 
Martillo hule VK 16 onz
Martillo P/picar tramontina 500gr
Martillo mango tubular 16 mm Truper
Martillo TW 29 mm 8 onz VK
Martillo Pretul 4 onz
Martillo Pretul 7 onz
Martillo Pretul 8 onz
Martillo pulido 16 onz uña Truper
Madera Regla pacha x vara
Madera Costanera x vara
Madera Cuarton x vara
Madera Tabla x vara
Mocheta para madera
Juego de mocheta c/topes 
Masilla Jet Bond Flexible Sherwin Williams (liviana)
Masilla Jet Bond Sherwin Williams (Pesada)
Masilla multifuncional 
Hule P/masilla 3M
Masilla acrilica 8 onzas
Masilla acrilica pinta
Masilla antigrava JET
Masilla lanco 8 onz acrilic
Masilla lanco 1/8 
Combo primer mano gris claro 1/4
Combo primer mano gris oscuro 1/4 SW (base automotriz)
Catalizador Jet Bond
Malla ciclon 11x2.5 x 72
Malla ciclon 9x2.5x72' canm
"Malla ciclon 9x2.5x36"""
Malla ciclon 10.5 x 2.5 x 72' (30 yds)
Malla ciclon 12.5 x 2.5 x 72' (30 yds)
Navaja p/electricista Brickel
Nivel de caja torpedo 9' Truper
Nivel de caja fibra 12' Hunter
Nivel de caja Aluminio 12' Pretul
Nivel de caja fibra 14' VK
Nivel de caja 12'
Nivel de caja 18'
Nivel de caja 24'
Nivel de caja 24' aluminio VK 
Nivel de caja 18' aluminio VK
Nivel 15mt cuerpo plastico y nivel
Nivel 30mt cuerpo plastico y nivel 
Niple galvanizada 1/2 todo rosca
Niple galvanizada 1/2x1 1/2
Niple galvanizada 1/2 x 2
Niple galvanizada 1/2 x 2 1/2
Niple galvanizada 1/2 x 3
Niple galvanizado 1/2 x 4
Niple galvanizado 1/2 x 5
Niple galvanizado 1/2 x 6
Niple galvanizado 1/2 x 8
Niple galvanizado 1/2 x 10
Niple galvanizado 1/2 x 12
Nivel de pita plastico VK
Nivel pita magnetico Torpedo
Numeros aluminio
Operador P/ventana
"Polipel 18"" para forrar"
Pegamento PVC tangit 25gms
Pegamento PVC tangit 1/32
Pegamento lanco azul
Pegamento azul 25grs Durman
Pegamento Durman 25grs
Pegamento Durman 1/32 125grs
Pegamento Durman 1/16 240 grs
Pegamento Durman 1/8 475grs
Pegamento Durman 1/4 950grs
Pegamento de contacto 1/48
Pegamento de contacto 1/16
Pegamento de contacto 1/8
Bote p/pegamento 100 ml p/pega
Bote pega p/zapato
Pegamento de contacto galon 
Epoximil azul
Pegante Epoxi 
Poxipol transparente/gris
Super glue 
Poxilina
Pegatanke
Pera de hule USA
Pulidora 4 1/2' Truper 
Pulidora 7' 2100w Truper
Pulidora 7' 2200w Truper 
Pulidora 9' Truper 
Pasador dorado 2' VK
Pasador dorado 2 1/2' Hunter
Pasador dorado 3' c/t
Pasador negro pesado 3' VK
Pasador negro pesado 4' VK
Pasador negro pesado 3' Brickwell
Pasador liso 3/8 x 5'
Pasador liso 1/2 x 5'
Pasador liso 5/8 x 5'
Pasador liso 5/8 x 6'
Pasador 5/8 x 5 c/c
Pasador porta candado 5/8 x 5'
Pasador porta candado 2 1/2' plateado
Pasador porta candado 2' VK
Pasador porta candado 3'
Pasador porta candado 3' Brickell
"Pasador pico de sope 1 1/2"""
Pasador pico de sope 2''
"Pasador pico de sope 2 1/2"" "
"Pasador pico de sope 3"""
Pasta para soldar Truper
Pasta brazo liquida 
Papel  mata mosca 
Pernos P/sanitario metalico
Pernos P/sanitario plastico
Perno de 1/4 x 3/4
Perno de 1/4 x 1'
Perno de 1/4 x 1 1/2
Perno de 1/4 x 2'
Perno de 1/4 x 2 1/2
Perno de 1/4 x 3'
Perno de 1/4 x 4'
Perno de 1/4 x 5
Perno galvanizado 1/4 x 1
Perno de 5/16 x 3/4
Perno de 5/16 x 1
Perno de 5/16 x 1 1/2
Perno de 5/16 x 2'
Perno de 5/16 x 2 1/2'
Perno de 5/16 x 3'
Perno de 5/16 x 4'
Perno de 5/16 x 5'
Perno de 5/16 x 6'
Pernos 3/8 x 3/4
Perno de 3/8 x 1'
Perno de 3/8 x 1 1/2
Perno de 3/8 x 2'
Perno de 3/8 x 2 1/2
Perno de 3/8 x 3'
Perno de 3/8 x 4'
Perno de 3/8 x 5'
Perno de 3/8 x 6'
Perno de 1/2 x 1'
Perno de 1/2 x 1 1/2
Perno de 1/2 x 2
Perno de 1/2 x 2 1/2
Perno de 1/2 x 3'
Perno de 1/2 x 4'
Perno de 1/2 x 5'
Perno de 1/2 x 6'
Perno de 1/2 x 7'
Tuerca 5/8 bolsa 
Tuerca 1/4 bolsa 
Tuerca seguridad 1/4
Tuerca 3/8 bolsa 
Pernos milimetricos p/estufa galv. 4x16
Pernos milimetricos p/estufa galv. 4x20
Pernos milimetricos p/estufa galv. 4x25
Pernos milimetricos p/estufa galv. 4x40
Tuerca galv. 4mm P/0.70 
Pernos milimetricos p/estufa galv. 5x16
Pernos milimetricos p/estufa galv. 5x20
Pernos milimetricos p/estufa galv. 5x25
Pernos milimetricos p/estufa galv. 5x40
Tuerca galv. 5mm P/0.80
Pernos milimetricos p/estufa galv. 6x16
Pernos milimetricos p/estufa galv. 6x20
Pernos milimetricos p/estufa galv. 6x25
Pernos milimetricos p/estufa galv. 6x40
Tuerca galv. 6mm P/1.0
Pernos milimetricos p/estufa galv. 8x16
Pernos milimetricos p/estufa galv. 8x20
Pernos milimetricos p/estufa galv. 8x25
Pernos milimetricos p/estufa galv. 8x40
Tuerca galv. 8mm 
Perno milimetrico hexagonal 6x12 P/100
Perno milimetrico hexagonal 6x16 P/100
Perno milimetrico hexagonal 6x20 P/100
Perno milimetrico hexagonal 6x25 P/100
Perno milimetrico hexagonal 6x30 P/100
Perno milimetrico hexagonal 6x40 P/100
Perno milimetrico hexagonal 6x50 P/100
Perno milimetrico hexagonal 6x60 P/100
Tuerca hexagonal 6mm P/1.0
Perno milimetrico hexagonal 8x16 P/125
Perno milimetrico hexagonal 8x20 P/125
Perno milimetrico hexagonal 8x25 P/125
Perno milimetrico hexagonal 8x30 P/125
Perno milimetrico hexagonal 8x40 P/125
Perno milimetrico hexagonal 8x50 P/125
Perno milimetrico hexagonal 8x60 P/125
Perno milimetrico hexagonal 8x70 P/125
Tuerca hexagonal 8mm P/1.25
Perno milimetrico hexagonal 10x20 P/125
Perno milimetrico hexagonal 10x25 P/125
Perno milimetrico hexagonal 10x30 P/125
Perno milimetrico hexagonal 10x40 P/125
Perno milimetrico hexagonal 10x50 P/125
Perno milimetrico hexagonal 10x60 P/125
Perno milimetrico hexagonal 10x70 P/125
Tuerca hexagonal 10mm P/1.25
Perno p/carroceria 1 1/4 x 2 1/2'
Perno p/carroceria 1/4 x 1'
Perno P/carroceria 1/4 x 2'
Perno p/carroceria 1/4 x 2 1/2'
Perno P/carroceria 1/4 x 3'
Galon pintura Agua MC Premium
Galon pintura Agua latex megacolor
Cubeta pintura Agua latex megacolor
Cubeta pintura Agua latex premium
1/4 pintura aceite megacolor
Galon pintura aceite megacolor
Cubeta pintura aceite megacolor 
1/48 pintura megacolor fast dry B/N
1/4 pintura anticorrosiva megacolor
Galon anticorrosivo megacolor ST
1/4 pint F3 CHEMICAL anticorrosivo
Galon pint F3 CHEMICAL anticorrosivo
1/4 pintura Celco
1/4 pintura megacolor premium aluminio
1/4 pintura piscina Celco
Antigrava 1/4 mega
Bollo de pita 1/2 lb
Bollo de pita 1 lb
Rollo de pita grande 10lbs
Plastico para silla (lb)
Fleje para empacar (rollo)
Plastico para forrar producto 
Cubeta plastica c/tapa 
Plastico negro rollo
Platina de 1 1/2 x 3 1/6
Platina de 1/2 x 1/8
Platina de 1/2 x 3/16 original
Platina de 3/4 x 3/16 original
Platina de 3/4 x 1/8
Platina de 3 1/6 x 1 comercial
Platina de 1 x 3 1/6 original
Platina de 1 x 1/8
Platina de 1 1/4 x 1/8
Platina de 1 1/2 x 1/8
Platina de 2' x 1/8
Placa p/toma 4x4 50A metal
Placa p/toma 4x4 50A  
Placa P/toma doble Aguila polarizada
Placa P/toma doble Aguila
Placa SW sencillo Aguila
Placa SW doble Aguila
Placa SW/toma Aguila
Placa toma doble integrada aguila
Placa toma doble integrada sinc
Placa c/t doble polarizado aguila 
Placa SW triple Aguila
Placa toma triple polarizado voltech
Placa P/timbre Aguila
Placa toma doble polarizado aguila 
Placa toma triple polarizado aguila 
Placa sw p/timbre sencillo aguila 
Placa doble polarizado NOBILE
Placa toma triple Aguila
Placa toma doble polarizado superficial 
Placa SW sencillo Bticino
Placa SW doble Bticino
Placa SW triple Bticino
Placa toma doble Bticino polarizado
Placa toma doble Bticino 
Placa SW/toma ticino
Placa SW y toma
Placa 1 switch 2 tomas Voltech
Placa 2 switch 1 tomas Voltech
Placa p/dado doble intemperie 
Placa p/dado sencillo plastica 
Placa p/dado doble plastica 
Placa p/dado triple plastica 
Placa nova Bticino (sencilla, doble y triple)
Placa nova Bticino (sencilla, doble y triple) tipo
Juego pinceles Pretul 5pzas
Juego de pinceles 12 pzas 
Pistola P/calefatear Truper
Pistola P/calefatear Pretul
Pistola P/calefatear VK
Piton para manguera metal
Piton P/manguera plastica 8 funciones 
Piton P/manguera plastica  
Piton P/maguera 5 en 1 
Palo para azadon
Palo para trapeador metalico
Palo para trapeador plastico
Palo para piocha Truper 5lb
Palo para piocha tramontina 
Palo para piocha Nac
Palo para pala Truper 
Piocha Imacassa 5lbs
Cabo para piocha truper
Cabo para piocha
Piocha con cabo truper
Piocha 5lb Truper c/mango
Piocha 5lb Imacasa 
Piocha 4.5 lb VK c/cabo
Pistola p/pintar Truper 
Pistola P/pintar gravedad Truper 
Pistola de aluminio truper
Pistola Baja Presion de aluminio aksi
Pistola P/silicon c/2barras (maxtools)
Pistola P/silicon electrica 15w
Cabo P/pala Truper
Cabo P/pala Tramontina
Cabo P/pala Pretul
Pala cuadrada Imacasa c/anaranjado
Pala cuadrada Pretul mango largo
Pala duplex Truper
Pala duplex econ Pretul
Pala cuadrada truper
Pala redonda pretul
Pala de mano plastica
Recolector Fruta Pretul
Canasta metal P/fruta
Pala cuadrada Imacasa verde combat 
Adaptador macho tecnoducto 1/2
Adaptador macho tecnoducto 3/4
Adaptador macho tecnoducto 1''
Conector recto tecnoducto 1/2
Conector recto tecnoducto 3/4
Union tecnoducto 1/2''
Union tecnoducto 3/4''
Poliducto 1/2 (Yardas)
Poliducto 3/4 (Yardas)
Poliducto 1'' (Yardas)
Tecnoducto 1/2 (30mts rollo) (m)
Tecnoducto 3/4 (30mt rollo) (m)
Tecnoducto 1'' (m)
Socket de cemento 80 cm
Socket de cemento  
Celocillas 10 
Celocilla flor de liz
Baldosa 5x20x40 cm
Adoquin 10x22x24
Poste cemento 3 mts curvo/recto
Poste cemento 2 1/2 mts 
Poste cemento 2 mts 
Polvo mineral negro
Polvo mineral rojo
Polvo mineral azul
Polvo mineral amarillo
Polvo mineral verde
Polvo mineral marron
Porcelana blanca
Porcelana negra
Porcelana chocolate
Porcelana gris
Estuco blanco fino
Decoblock blanco hueso fino
Decoblock blanco hueso interperie
Decoblock exterior/interperie 
Decoblock gris fino
Decoblock gris grueso
Estuco BH fino 35gr
Estuco gris fino
Estuco gris grueso
Pegamento powermix 20 gr
Pegamas 20kg
Multi bond 20 kgr.
Decocoat
Pegamix constructor 
"Portacandados 2"""
"Portacandados 3"""
"Portacandados 4"""
"Portacandados 5"""
Porta cepillo
Porta rollo blanco atlas 
Porta rollo plastico
Porta rollo cromado
Porta jabon 
Porta jabon plastica cromada 
Porta jabon p/solido metal ac. Inox.
Jabonera Brickwell
Polin C4' galvanizado C-14 1.80m
Polin C4' galvanizado C-16 1.5m 
Polin C4' galvanizado 1.4m
Polin C4' galvanizado C-14 1.50m
Polin C4' galvanizado C-16 1.20m
Polin C3' galvanizado C-14 1.40m
Polin C3' galvanizado C-14 1.50m 
Polin C3' galvanizado C-16 1.20m
Polin C3' galvanizado C-16 1.5m
Polin C4' negro C-14 1.8mm
Polin C4' negro C-16 1.5m
Polin C4' negro C-18 1.2m
Polin C4'negro comercial 1.0
Polin C3' negro C-14 1.80m
Polin C3' negro C-16
Polin C3' negro C-18 
Polin de Varilla. 3/8 x 1/4
Polin de Varilla. 1/2 x 1/4
Plomada china 300 grs 
Plomada china 400 grs
Protegidos 30amp /2polos
Protegidos 60amp /2 polos
Puerta completa c/mochetas, chapa, bisagra (0.60 - 0.90 x 2.00 metros)
Mocheta p/puerta
Polo tierra #8
Polo tierra 500amp barra couper 10 x 1/2
Cepo solo P/barra-couper
Barra couper c/cepo 2' x 5/8 
Barra couper c/cepo 3' x 5/8
Plywood 3/16 (4mm)
Plywood 1/4 (6mm)
Plywood 3/8 (9mm)
Plywood 1/2 (12mm)
Plywood 3/4
Probador tipo lapiz Truper 6V
Probador de corriente Aguila (dos puntas) 110/8v
Probador de corriente tipo lapiz truper 12v
Probador de corriente Truper 14C
Probador de corriente Truper 20cm 12V
Punta 1x10 Imacasa 
Punta 1x10 TW 
Punta china 10x14 
Punta china 12x14
Punta 3/4 x 12 Truper
Punta 7/8 x 12 Truper
Punta 7/8 x 30 Truper 
Punta 7/8 x 36 Truper
Punta 3/4 x 30 Truper
Juego de puntas p/esmerilar
Extension p/puntas phillips 
"Extension p/puntas Truper 5"""
Punta phillips 2 x 1/4 set 5 VK
Punta phillips larga
Punta phillips corta
Punta plana 1''
Punta phillips 1''
"Punta phillips 2"""
Punta plana 2''
Juego Punta mixta (plano y phillips) juego truper
Punta plana phillips 5 unidades Truper 
Punta juego 5 pzas planas Truper 
Punta juego Phillips 
Punta INECO plateada phillips 
Punta phillips p/tabla roca Truper 
Resbalon 22mm metalico
Resbalon 23mm metalico
Resbalon 20mm plastico
Resistencia P/cocina
Resistencia de resorte c/anillo
Rosca E-27 p/lampara colomb
Receptaculo Aguila
Receptaculo ticino
"Rack p/TV 14"" - 42"" IML"
"Rack p/TV fijo 23"" - 55"""
Raqueta mata mosquito
Rieles P/gaveta 12' 30cmx (pares)
Rieles P/gaveta 14' 25cmx35cm (pares)
Rieles P/gaveta 16' 25mmx40cm (pares)
Removedor 1/4 diablo
1/4 removedor nova
Robbing 1/4 compound
Resumidero p/baño 2 1/2 x 2 1/2
Resumidero P/baño 3x3
Resumidero P/baño 4x4
Resumidero pulido P/baño 3x3
Resumidero pulido P/baño 4x4
Resumidero PVC 4x3x2
Resumidero plastico 4x4
Resumidero 4x4 pulido fosset
Resumidero p/baño 5x5 
Resumidero p/baño 6x6 
Resumidero p/baño 4x4 fosset 
Rodo aereo de 2'' en caja (pares)
Rodo P/piso 70mm brickel
Rodo P/piso 50 mm brickel
Rodo P/piso 60mm
Rodo aereo 2' con balero
Rodo giratorio redondo
Rodo redondo 40mm c/placa 
Balero 1 1/4' solo
Balero 2''
"Rodo giratorio 1 1/2"" "
Rodo giratorio 2' Hermex
"Rodo giratorio 2"" c/freno "
Rodo giratorio 2'
Rodo giratorio 2 1/2'
Rodo taiwan de 2'
Repuesto P/chorro grival 1/2'
Repuesto P/valvula grival 1/2'
Reflector Silvania 150w 
Reflector halogeno Bestvalue
Rastrillo c/palo 20 dientes Pretul
Rastrillo 16 dientes 60' truper
"Rastrillo 22 dientes mango 48"" Truper "
Rastrillo plastico 26 dientes Truper
Escobilla p/telarañas plastico
Reductor PVC 3/4 x 1/2
Reductor PVC 3/4 x 1
Reductor PVC 3/4 x 1 1/4 
Reductor PVC 1 x 1/2
Reductor PVC 1 1/2 x 1
Reductor PVC 1 1/2 x 1/2
Reductor PVC 1 1/4 x 1/2
Reductor PVC 1 1/4 x 3/4
Reductor PVC 1 1/4 x 1
Reductor PVC 2 x 1 1/4
Reductor PVC 2 x 1 1/2
Reductor PVC 2 x 1/2
Reductor PVC 2 x 1
Reductor PVC 1 1/2 x 1 1/4
Reductor PVC 3x2
Reductor PVC 4x3
Reductor PVC 4x2
Reductor PVC 6x4
Reductor PVC 3 x 1 1/4
Reductor PVC 3x1 1/2
Reductor PVC 1 1/4 x 2
Remaches pop 1/8 x 1/4
Remaches pop 1/8 x 1/2
Remaches pop 1/8 x 3/4
Remache pop 1/8 x 5/8
Remache pop 5/32 x 1/2
Remache pop 5/32 x 3/4
Remache pop 3/16 x 1/2
Remache pop 3/16 x 3/4
Remachadoras pop Pretul
"Remachadora pop Truper 10"""
Remachadora pop VK 
Resorte universal
Resorte de acelerador 
Resortes 7.14 (10 u)
Resortes 9.12 (15 u)
Resortes 4.76 (15 u)
Sargento C 3' Truper
Sargento C 4' Truper
Sacos de mezcal 
Sanitario economico FV
Sanitario corona push c/asiento
Sanitario blanco fv
Sanitario blanco ecoline c/asiento
Sanitario azul fv
Sanitario verde fv
Saranda 2x2 
Saranda 4x4
Saranda 5x5
Saranda 6x6
Saranda 8x8
Saranda 30x30
Sedazo P/arenilla 30x30
Sedazo p/mosquito metro
Sedazo p/mosquito azul plastico
Sedazos plasticos colores
Sedazos metal verde (rollo)
Sedazos metal gris (rollo)
Sedazos plastico azul (rollo)
Sedazos plastico verde (rollo)
Sedazos plastico gris (rollo)
Sedazos plastico negro  (rollo)
Sedazo plastico gris 1.20 (rollo)
Serrucho chino 18' Pretul
Serrucho chino 20' pretul
"Serrucho chino 20"" truper"
"Serrucho chino 22"" Truper"
Serrucho chino 24' Truper
Serrucho p/tabla roca VK
"Serrucho Stanley 20"""
"Serrucho Stanley 18"" "
"Serrucho 20"" Pretul"
"Serrucho 22"" Truper "
"Serrucho 24"" Truper "
Serrucho cola de zorro VK
Serrucho cola de zorro Truper
"Serrucho cola de zorro 12"" Hunter"
"Serrucho cola de zorro 14"" "
"Cambiador de serrucho chino 7"""
Cambiador de serrucho Ale
1/4 sellador P/madera
Galon sellador P/madera 
Sierra caladora truper 550W
Sierra circular 1500w Truper 7 1/4
Sierra circular 1800w Truper 7 1/4 
Sierra p/caladora (16 pzas) Truper juego
Sierra atkins
Sierra bellota
Sierra hecort fina
Sierra ultra O
Separador P/ceramica 3mm bolsita 150u
Sep. P/ceramica 3mm bolsit. 100u Truper
Sep. P/ceramica 5mm bolsit. 100u Truper
Separador P/ceramica 5mm bolsita 100u
Separador P/ceramica 4mm bolsita 100u
Sep. P/ceramica 2mm bolsit. 100u Truper
Separador P/ceramica 2mm bolsita 200u
Separador P/ceramica 6mm bolsita 100u
Sifon PVC continuacion 1 1/4
Sifon PVC continuacion 1 1/2
Sifon PVC continuacion 2' 
Sifon PVC continuacion 3'
Sifon PVC continuacion 4'
Sifon PVC continuacion 6'
"Sifon continuacion 6"""
Sifon continuacion S/R 1 1/2
Sifon continuacion S/R 1 1/4
Sifon pared flexible 
Sifon pared flexible bolsa 
Sifon a la pared niquelado 1 1/4 x 1 1/2
Sifon flexible agua cromado
Sifon rigido 1 1/2 TW
Sifon flexible P/lavamanos fosset 1 1/2
Sifon brickel sencillo 1 1/4 x 80 cm
Sifon doble extensible en Y 1 1/2
Sifon P/lavamanos al piso du
Sifon continuacion 1 1/2 
Sifon al piso 1 1/2 atractivo P/lava.
Sifon al piso 1 1/2 x 1 1/4
Sifon al piso 1 1/4 rig
"Sifon al piso 1 1/2"""
Sifon a la pared 1 1/2 x 1 1/4
Kit Sifon y desague P/lavamanos VK
Desague p/lavaplato flexible 
Sifon y desague p/lavamanos 
Sifon p/lavatrastos durman rigido
Sifon flexible P/lavatrastos fosset
Sifon flexible doble
Sifon flexible 1 1/2
Sifon flexible fosset 1 1/2
Sifon flexible fosset c/desague 
Sifon flexible agua blue 
Sifon rigido al piso pared 
Silicone transp. Tubo ABRO blister
Silicone negro tubo ABRO
Silicone gris tubo ABRO
Silicone blanco tubo ABRO
Silicone rojo tubo ABRO
Silicone blanco tubo Truper 
Clear tubo ABRO
Clear tubo loctite
Silicone blanco tubo sista baños y cocina
Silicone blanco/negro lanco cartucho
Silicone multiusos SISTA
Silicone multiusos Truper
Silicone Lanco transparente
Silicone Lanco cartucho acrilico plus
Sika cartucho construccion
Sika salchicha blanco/gris
Sika latex galon
Cubeta SikaLatex 16l
Sika en polvo 101 bolsa 
Sika DUR 31 1kg p/anclaje 
Sika 31
Reflex latex galon
Adiflex salchicha
Salchicha Bostik
Cartucho Bostik
Sincel 1/2 x 10 Truper
Sincel 1/2 x 8
Sincel 1/2 x 6
Sincel 3/4 x 6
Sincel 3/4 x 8
Sincel 3/4 x 10
Sincel 3/4 x 12
Sincel 3/8 x 6
Sincel 5/8 x 6
Sincel 5/8 x 10
Sincel plano 5/16 x 6 
Sincel plano 1 x 10
Sincel plano 1/4 x 5
Sincel plano 3/8 x 5 
Sincel plano 5/8 x 6 
Sincel plano 5/8 x 8 
Sincel plano 7/8 x 8
Sincel plano 7/8 x 10
Sincel 7/8 x 8
Sincel 1/4 x 5
Soporte P/lamp. R/star (pares)
Soporte P/lamp. C/star 
Soporte (clips) P/espejo hunter set (6pz)
Soporte P/espejo bestvalue set 1/4 (6pz)
Star P/lampara 20W
Star P/lampara 40W
Spray Easy color
Spray Easy color metal
Spray cromo ABRO
Spray 18K oro ABRO
Spray Truper negro mate 
Spray acuario alta temperatura
Spray acuario cobre (3.50)
Spray acuario aluminio
Spray acuario (2.95)
Spray acuario oro palido/niqueleado (n)
Spray acuario metal
Spray acuario fluorescente
Spray Easy color fluorescente
Spray ultracraft dorado
Spray VK aluminio
Colorante mineral (lb)
Solvente mineral galon
Solvente mineral botella 
Soda caustica granulada
Soda caustica liquida
Super Q (Drayn power)
Super Q 1 kilo
Super cleaner desinfectante 
Limpiador de baños
Botella Drayan power
Destapador Ainsa 
Destapador flexible 9mt Wokin
Destapador flexible 7.6mt Pretul
Socket portalampara doble
Socket c/cadena Aguila 
Socket c/cadena y toma
Socket toma y llave TW
Socket c/espiga  
Socket c/espiga voltech
Socket porcelana 7 1/2
Socket porcelana interperie Voltech
Socket interperie Aguila
Socket interperie metal E-27
Socket c/llave TW
Socket porcelana ojo de buey
Socket hule P/interperie Aguila
Socket porcelana C-6
Scotch look rojo
Scotch look amarillo
Scotch look gris
Scotch look azul
"Switch pequeño de presion ""push"" maxtools"
Switch pequeño mini JF push
Switch pequeño mini negro
Switch pequeño mini rojo
Switch pequeño mini 2 tornillos ASKI
Switch pequeño mini 3 tornillos ASKI
Switch pequeño balanceo 2p mini rojo 
Switch pequeño 12v cuadrado
Switch pequeño superficial P/timbre
Switch pequeño push pull plastico escolar 
Switch superficial Aguila
Switch superficial chino 
Switch superficial ticino
Switch superficial fluorecente aguila 
Switch palanca 2 tornillos de palanca
Switch palanca 15A 12V
Switch palanca 3 tornillos
Switch colgante Aguila 
Switch colgante TW
Swich palanca c/cable 
Switch dedo ticino
Switch dedo ticino de cambio
Tinaco 450lts 
Tinaco 750lts
Tinaco 1100lts
Tinaco 2500 lts 
Tinaco 1700 lts 
Bomba equipado 1/2 HP
Bomba equipado 1 HP
Combo tanque + chimbo
Cisterna Durman 2500 lts 
Kit de accesorios para tanque Eureka
Thinner galon
Thinner botella plastica 
Thinner c/botella 
Timbre Ding Dong 
Timbre c/placa integrado
Timbre chicharra maxtool
Timbre chicharra nacional
"Timbre campana 4"""
"Timbre t/campana 4"" Voltech "
"Timbre t/campana 6"" Voltech "
Tachuela P/zapato #1
Tachuela P/zapato #2
Tachuela P/zapato #3
Tachuela P/zapato #4 
Tachuela P/cama 3/4 x 14
Tachuelon p/lamina lisa #1
Taco plastico cuadrado ? 1/2'
Taco plastico cuadrado ? 3/4'
Taco plastico cuadrado ? 1'
Taco plastico cuadrado ? 1 1/4'
Taco plastico cuadrado ? 1 1/2'
Taco plastico cuadrado ? 2x2'
"Taco plastico cuadrado 1/4"""
"Taco plastico cuadrado 3/8"""
"Taco plastico cuadrado 3/4"""
Taco plastico cuadrado  1 1/4
Taco plastico redondo ? 1/2
Taco plastico redondo ? 5/8
Taco plastico redondo ? 7/8
Taco plastico redondo ? 1'
Taco plastico redondo ? 1 1/4
Taco rectangular 2x1
Tapon Aluminio para pila 1'
Tapon Aluminio para pila 1 1/4
Tapon Aluminio para pila 1 1/2
Tapon Aluminio para pila 2'
Tapon Aluminio para pila 2 1/2
Tapon Aluminio para pila 3'
Tapon Bronce para pila 1'
Tapon Bronce para pila 1 1/4
Tapon Bronce para pila 1 1/2
Tapon Bronce para pila 2'
Tapon PVC hembra 1 1/2' liso
Tapon PVC hembra 1 1/2' c/rosca
Tapon PVC hembra 1/2' liso
Tapon PVC hembra 1/2' c/rosca
Tapon PVC macho 1/2' c/rosca
Tapon PVC hembra 1' c/rosca
"Tapon PVC macho 1"" c/rosca"
Tapon PVC macho 1' liso
Tapon PVC hembra 1 1/4' liso
Tapon PVC hembra 1 1/4' c/rosca
Tapon PVC hembra 1' liso
Tapon PVC hembra 3/4' liso
"Tapon PVC hembra 1 1/2"" c/rosca"
Tapon PVC hembra 3/4' c/rosca
Tapon PVC macho 1 1/4' c/rosca
Tapon PVC macho 1 1/2'
Tapon PVC macho 3/4'
"Tapon PVC macho 3/4"" c/rosca"
Tapon PVC hembra 2' liso
Tapon PVC macho 2'
Tapon PVC hembra 2' c/rosca
"Tapon PVC hembra 3"" liso"
"Tapon PVC hembra 3"" c/rosca "
"Tapon PVC hembra 3 1/4"" c/rosca"
Tapon PVC macho 3'
Tapon PVC hembra 3' economico
Tapon PVC hembra 4' economico
Tapon PVC liso 3 1/4
"Tapon PVC 3"" hechizo"
"Tapon PVC 4"" hechizo"
"Tapon PVC 2"" hechizo"
Tapones P/oido
Tapagotera Stop leak 8onz
Tapagotera Stop leak 16 onz pinta 
Tapagotera Stop leak 1/4
Tapagotera Stop leak cartucho
Tapagotera Aqualock galon
Tapagotera Aqualock 1/4
Tapagotera Dry coat 1/4
Tapagotera Dry coat galon
Tapagotera Siliconizer 1/4 lanco
Tapagotera Siliconizer galon
Imper 5 gris 1/4
Imper 5 blanco 1/4
Imper 5 gris galon
Imper 5 blanco galon 
Imper 5 gris/blanco cubeta 
"Taladro Truper 600w 1/2"""
"Taladro Truper rotomartillo 650w 1/2"""
Taladro Truper 550w 1/2'
Taladro Truper 550w 3/8'
Taladro inalambrico Truper 1/2
Taladro inalambrico Truper 3/8 600w
Taladro inalambrico Truper 3/8 550w
Tapadera metal redonda 
Tapadera metal 4x4 
Tapadera metal 5x5 
Tapadera plastica 4x4 
Tapadera plastica redonda 
Tapadera rectangular PVC
Tapadera rectangular metal 
Ante tapa 4x4 PVC 4x2
Tirro 3/4 economico ABRO
Tirro 3/4 x 36 BB
Tirro 2' ABRO
Tirro 2' Truper
Tirro 3/4 ABRO Ee. 3090
Tirro 3/4 x 26 BB
Tirro azul Truper 3/4 x 50 mt
Tramo 4 x 1/4'
Tramo 5 x 1/4'
Tramo 7 x 1/4'
Tramo 10 x 1/4'
Tramo 12 x 1/4'
"Tramo completo 5"""
"Tramo completo 7"""
"Tramo completo 10"""
Pin de alambre 2 lineas
Arandela neoprene
Arandela metal-hule 1/4
Arandela asfaltica p/tramo 
Tuerca galvanizada 1/4 p/tramo
"Tenaza p/mecanico 6"" Pretul"
"Tenaza p/mecanico 8"" Pretul "
"Tenaza p/mecanico 8"" Hunter"
Alicate P/armador 9' VK
Tenaza alicate Tramontina 9'
"Tenaza alicante 10"" Hunter "
"Tenaza alicante 8"" TW VK"
"Tenaza alicante c/mango plast 9"""
"Tenaza alicante stanley 8"""
"Tenaza de presion c/forro 10"""
"Tenaza de presion 10"" Pretul"
Tenaza de presion 10' VK
"Tenaza de presion c/forro 7"" Hunter"
"Tenaza punta fina 6"" Pretul"
Pinza punta recta 6' VK
Pinza punta recta 8' VK
Tenaza corte lateral 7' pretul
"Pinzas extension 8"""
"Pinzas extension 10"" "
Pinzas extensión 12'' Truper
"Pinzas multiusos p/cable 9"" Pretul"
"Pinza de corte diagonal 7"" Pretul "
Tenaza P/electricista 6' VK
Tenaza P/electricista 6'' BarleTools
Tenaza P/electricista 8' Pretul
"Tenaza P/electricista 8"" VK"
"Tenaza pinza 8"" "
"Tenaza pinza 6"" "
"Tenaza pinza 10"""
Tenaza 2 posiciones 6' Pretul
Tenaza 2 posiciones 8' pretul
Tenaza pelacable VK
Tenaza P/tierra 500Amp Pretul
Tenaza P/electrodo 300A VK
Tenaza P/electrodo 500A VK
"Tenaza pinza y corte 6"" Pretul"
Tenaza pinza p/anillos retencion c/cable 
Tenaza ajustable perica 10'
"Tenaza ajustable perica 12"""
"Tenaza ajustable perica 10"""
Tenaza ajustable perica VK 6''
Tenaza ajustable perica Pretul 8''
Terminal P/manguera hembra plast. Truper
Terminal P/manguera separado macho
Terminal P/manguera separado hembra
Terminal P/manguera plastica
Terminal P/manguera metal
Terminal P/manguera metal VK
Tijera P/cortar lamina china ASKI 10'
"Tijera p/cortar lamina VK 12"""
"Tijera p/cortar lamina VK 10"" "
"Tijera p/cortar lamina 10"" Truper "
Tijera p/cortar aluminio 
Tijera de aviacion truper
Tijera de aviación Brickwell 10''
Tijera de aviacion truper recto
"Tijera P/podar 8"" Pretul "
Tijera P/podar 8' VK
"Tijera P/podar 2 manos 17"" truper"
"Tijera P/podar 2 manos 19"" truper "
Tijera multiuso 8' Pretul
Tijera multiuso 8'
"Tijera p/podar playgard 2 manos 10"""
Terminal ojo hembra amarillo 
Terminal ojo 4.8m 3/16  12-10
Terminal bandera macho 22-18 
Terminal bandera hembra S/N
Terminal tipo union hembra 
Terminal p/bateria 9V
Terminal ojo 6.3m 1/4 12-10
Terminal union macho 1
Tela P/gallinero 3/4 x 36 rollo
Tela P/gallinero 1/2 x 36 rollo
"Tela P/galinero 1 x 72"" "
Tela traspatio 1.2m x 20mt
Tee PVC 1/2 liso
Tee PVC 1/2 c/rosca
Tee PVC 3/4 liso
Tee PVC 3/4 c/rosca
Tee PVC 1' liso
Tee PVC 1' c/rosca
Tee PVC 1 1/4 liso
Tee PVC 1 1/4 c/rosca
Tee PVC 1 1/2 lisa
Tee PVC 1 1/2 c/rosca
Tee PVC 2' liso
Tee PVC 2' c/rosca
"Tee PVC 2"" HSS"
Tee PVC 3' liso HS
"Tee PVC 4"" HSS"
Tee PVC 4' legitimo
"Tee drenaje 2"""
Tee drenaje 4'
Tee drenaje 3'
Tee PVC 6' liso
Tee PVC 6'' hechiso
Tornillo goloso P/lamina 1x6
Tornillo goloso P/lamina 1 1/2 x 6
Tornillo goloso P/lamina 1/2 x 8
Tornillo goloso P/lamina 1x8
Tornillo goloso P/lamina 1 1/2 x 8
Tornillo goloso P/lamina 2 x 8
Tornillo goloso P/lamina 2 1/2 x 8
Tornillo goloso P/lamina 3/8 x 8
Tornillo goloso P/lamina 1/2 x 3
Tornillo goloso P/lamina 1/2 x 10
Tornillo goloso P/lamina 3/4 x 10
Tornillo goloso P/lamina 1 x 10
Tornillo goloso P/lamina 1 1/2 x 10
Tornillo goloso P/lamina 2 x 10
Tornillo goloso P/lamina 3 x 8
Tornillo goloso P/lamina 3 x 10 
Tornillo goloso P/lamina 1/2 x 12
Tornillo goloso P/lamina 3/4 x 12
Tornillo goloso P/lamina 1 x 12
Tornillo goloso P/lamina 1 1/2 x 12
Tornillo goloso P/lamina 2 1/2 x 12
Tornillo goloso P/lamina 3 x  12
Tornillo goloso P/lamina 3 1/4 x 14
Tornillo goloso P/lamina 1x14
Tornillo goloso P/lamina 1 1/4 x 14
Tornillo goloso P/lamina 1 1/2 x 14
Tornillo goloso P/lamina 2x6
Tornillo goloso P/ lamina 2 x 14
Tornillo goloso P/lamina 3/4 x 6
Tornillo goloso P/lamina 3/4 x 8
Tornillo goloso P/lamina 3/4 x 14
Tornillo goloso P/lamina 2 x 12
"Tornillo goloso p/madera 1x5"""
"Tornillo goloso p/madera 1x6"""
Tornillo goloso p/madera 1 1/2 x 8
Tornillo goloso p/madera 1 1/2 x 9
Tornillo goloso p/madera 1 1/2 x 12
Tornillo goloso P/madera 3/4 x 6
Tornillo goloso P/madera 5/8 x 6
Tornillo goloso P/madera 1/2 x 6
Tornillo goloso P/madera 2x8 
Tornillo goloso P/madera 2x9
Tornillo goloso P/madera 1x10 
Tornillo goloso P/madera 1x12
Tornillo goloso P/madera 1 1/2 x 7 
Tornillo goloso P/madera 2 1/2 x 9
Tornillo goloso P/madera 2 1/2 x 10
Tornillo goloso P/madera 2 1/2 x 12 
Tornillo goloso P/madera dorado 1/4 x 2
Tornillo goloso p/madera dorado 1/4 x 2 1/2
Tornillo goloso p/madera dorado 1/4 x 3
Tornillo P/madera 2x12
Tornillo P/madera 3x12
Tornillo P/madera 4x12
Tornillo aut.P/tamb zinc 3/4 x 12
Tornillo aut. P/tamb zinc 3 1/4 x 12
Tornillo aut. P/tamb zinc 1 1/2 x 12 
Tornillo aut.P/tamb zinc 1 x 12
Tornillo aut.P/tamb zinc 2 x 12
Tornillo punta broca 1 x 8
Tornillo punta broca 6 x 3/4
Tornillo punta broca 6 x 1
Tornillo punta broca 6 x 1 1/2
Tornillo punta broca 6 x 2
Tornillo punta broca 8 x 1 1/2
Tornillo punta broca 8 x 2 
Tornillo punta broca 1/2 x 8
Tornillo punta broca 1 x 14
Tornillo punta broca 1 1/2 x 12
Tornillo punta broca 3/4 x 12
Tornillo punta broca 1 x 12
Tornillo goloso avellanado 1 x 8
Tornillo goloso avellanado 1 1/2 x 8
Tornillo goloso avellanado 1 x 10
Tornillo goloso avellanado 1 1/2 x 12
Tornillo goloso avellanado 1 1/2 x 8
Tornillo goloso avellanado 1 1/2 x 10
Tornillo goloso avellanado 5/8 x 6
Tornillo goloso avellanado 2 x 8
Tornillo goloso avellanado 3 1/4 x 6
Tornillo goloso avellanado 3 x 12
Tornillo goloso avellanado 1/2 x 6 
Tornillo T/R P/Broca 8 x 1/2 Kalat
"Tornillo T/R P/Broca 8 x 3/4"" Kalat"
Tornillo Kalat 3/4 x 8
Tornillo Kalat 8 x 1'
Tornillo Kalat 1 x 10 
Tornillo Kalat 1 1/2 x 8
"Tornillo tabla roca negro 1"" T/roca "
"Tornillo tabla roca negro 1"""
Tornillo tabla roca negro 1/2 x 6
Tornillo tabla roca negro 6.32 x 1 1/2 PB
Tornillo tabla roca negro 6 x 3/4  
Tornillo tabla roca negro 6 x 3/4 PB
Tornillo tabla roca negro 6 x 1 1/2 PB
Tornillo tabla roca negro 6 x 1 1/2
Tornillo tabla roca negro 6 x 1 PB
Tornillo tabla roca negro 6 x 1 T/R
Tornillo tabla roca negro 6 x 1
Tornillo tabla roca negro 6 x 2
Tornillo tabla roca negro 6 x 2 P/B
Tornillo tabla roca negro 6 x 2 1/2
Tornillo tabla roca negro 8 x 3/4
Tornillo tabla roca negro 8 x 1/2
Tornillo tabla roca negro 8 x 1 1/2
Tornillo tabla roca negro 8 x 1
Tornillo tabla roca negro 8 x 2
Tornillo tabla roca negro 8 x 2 PB
Tornillo tabla roca negro 8 x 2 1/2
Tornillo tabla roca negro 8 x 3
Tornillo P/estufa C/R 1/8 x 3/4 c/t
Tornillo P/estufa 1/8 x 1 c/t
Tornillo P/estufa 1/8 x 1 1/2 c/t
Tornillo P/estufa 5/32 x 3/4 ct
Tornillo P/estufa 5/32 x 1/2
Tornillo P/estufa 5/32 x 1
Tornillo P/estufa 5/32 x 1 1/2  
Tornillo P/estufa 5/32 x 1 1/2 ct
Tornillo P/estufa 8/32 x 1 1/2
Tornillo P/estufa 8/32 x 1  
Tornillo P/estufa 3/16 x 3/4 ct
Tornillo P/estufa 3/16 x 1 1/2 ct
Tornillo P/estufa 3/16 x 1 ct
Tornillo P/estufa 3/16 x 2
Juego extractor de tornillos Truper 5 pzas
Toma macho 50amp Aguila
Toma hembra 50amp superficial
Toma hembra sencillo superficial TW
Toma tapon Aguila
Toma 50 amp Aguila hembra s/p
Toma hembra hule c/espiga 
Toma triple c/espiga Aguila
Toma doble pol. Superf.Aguila
Toma doble superf. Ticino
Toma doble indt. Polarizado Aguila 
Toma hembra polarizado Aguila
Toma hembra industrial Aguila p/ext.
Toma hembra p/ext polarizado 
Toma multiple (regleta) VK 6tomas
Toma multiple (regleta) Aguila 3ft
Toma macho Jumbo Aguila (117)
Toma macho Jumbo Industrial (1723)
Toma macho Aguila plano
Toma macho polarizado 125v Aguila
Tapadera P/toma 50 amp hembra
Toma sencillo superficial TW
Toma triple superficial ovalado TW
Multicontacto tipo bisagra
Multicontacto volteck
Toma p/cafetera 
Toma de redondo a plano Voltech
Toma 6 entradas Voltech 
Toma triple tipo bisagra Voltech 
Tabla roca 4 x 8 x 1/2 int.
Tabla roca verde 1/2
Tabla roca densglas
Angulo esquinero 1 1/4 x 10'
Canal de amarre 2 1/2 x 10
Poste 2 1/2
Bandeja p/pasta plastica Atlas
Bandeja p/pasta Truper metal
Paste p/exterior decopasta 6kg
Pasta p/tabla roca 14 Kg JUNTEX
Pasta p/tabla roca 17.4 Kg
Pasta P/tabla roca 5 kgr
"Canal Listòn 7/8 x 10"""
Cinta P/tabla roca ext.
Cinta P/tabla roca int.
Galon ready mix 5 kg
Galon decopasta
Pasta decopash cubeta ext.
Ready mix caja grande 17.4 kg
Tijera p/tabla roca total
Cinta tapagotera TW 10mt
Cinta tapagotera IML (pie)
Cinta tapagotera Sista 10mt (rollo)
Cinta Sista rollo 10x10mt (pie)
Tubo P/lampara led 9w
Tubo LED OSRAM 17w
Tubo P/lampara led 18w Silvania 
Tubo P/lampara led 18w
Tubo P/lampara 18w
Tubo P/lampara 20w
Tubo P/lampara 40w
Tubo P/lampara 22w circular Voltech
Tubo P/lampara 32w electrico Silvania
Shasis 40x1 
Shasis p/lamp. LED 18 w Rockwell
Lampara LED S-T s/transf. IML
Tubo galvanizado cuadrado. 1' 1.20mm
Tubo galvanizado cuadrado 1' 1.50mm
Tubo galvanizado cuadrado 1 1.80mm
Tubo galvanizado cuadrado 3 1.35mm
"Tubo galvanizado cuadrado 3"" C-16 1.5mt"
Tubo galvanizado cuadrado 3/4  1.5mm
Tubo galvanizado cuadrado 1 1/2 C-16 1.50mm
Tubo galvanizado cuadrado 3x3 C-14 1.80mt 
Tubo galvanizado cuadrado 3x3 C-16 1.35
Tubogalvanizado cuadrado 3X3 C-16 1.5
Tubo galvanizado cuadrado 4x4 C-14 1.80mt
Tubo galvanizado cuadrado 4x4 C-16 1.50
Tubo galvanizado cuadrado 2x2 C-16 1.20
Tubo galvanizado cuadrado 2x2 C-16 1.50
Tubo galvanizado cuadrado 2X2 C-14 1.8m
Tubo galvanizado rectangular 2x1 C-16 1.2m
Tubo galvanizado rectangular 2x1 C-16 1.4m
Tubogalvanizado rectangular 2x1 C-16 1.5m
Tubo galvanizado rectangular 2x1 C-14 1.8m
Tubo galvanizado rectangular 4X2 C-14 1.35m 
Tubogalvanizado rectangular 4x2 C-16 1.5m
Tubo galvanizado rectangular 4x2 C-14 1.8m
Tubo III 4x4 C-16 1.5mm
Tubo Cuadrado 3/4 C-21
Tubo Cuadrado 1/2 C-18
Tubo Cuadrado 1/2 C-20
Tubo Cuadrado 1 C-22
Tubo rectangular 2x1 C-16 1.5m
Tubo rectangular 2x1 C-22
Tubo rectangular 2x1 C-14 1.8m
Tubo rectangular 4x2 x 3/16
Tubo rectangular 3x2 C-14 (1.80mm)
Tubo rectangular 4x2 C-16
Tubo estructural 1/2 C-16
Tubo estructural 3/4 C-16 1.20mm
Tubo estructural 3/4 C-14 1.50mm
Tubo estructural 3/4 C-16 1.5mm
Tubo estructural 3/4 C-18
Tubo estructural 1' C-16 (1.5)
Tubo estructural 1' C-14 (1.8)
"Tubo estructural 1"" C-18 1.2mm"
Tubo estructural 1' C-18
Tubo estructural 1 1/4 C-16 1.50mm
Tubo estructural 1 1/2 C-18
Tubo estructural 1 1/2 C-16 1.50mm
Tubo estructural 1 1/2 C-14
Tubo estructural 2' C-16 1.5mm
Tubo estructural 3' C-16
"Tubo estructural 3"" C-14"
Tubo estructural 4' C-16 1.4mm
Tubo redondo 5/8 C-21
Triangulo #1 (crocheta)
Triangulo #1 1/2 (crocheta)
Triangulo #2 
Triangulo #3
Toallero metalico 
Transformador P/lampara 20x1
Transformador P/lampara 40x1
Transformador P/lampara 40x2
Tiralinea truper
Tubo PVC 1/2'
Tubo PVC 3/4'
Tubo PVC 1'
Tubo PVC 1 1/4'
Tubo PVC 1 1/2'
Tubo PVC 2' 
Tubo PVC 3'
"Tubo PVC 3"" blanco"
Tubo PVC 4'
Tubo PVC 6'
Tubo PVC rectangular 4x2 3 m
Tubo de abasto p/sanitario TW
"Tubo de abasto p/sanitario TW  24"" directo"
Tubo de abasto flexible TW 
Tubo de abasto flexible directo
Tubo abasto flexible coflex P/sanit
Tubo de abasto p/lavamano TW
Tubo de abasto P/lavamano USA
Tubo abasto flexible coflex P/lavamanos
Tubo abasto flexible P/lavamanos East
Tubo abasto flexible P/sanitario Aqua Plus
Tubo abasto flexible durman
Tubo de abasto p/sanitario USA
Tubo de abasto p/sanitario Voltech
Tubo de abasto PVC
"Tubo de abasto PVC 20"" "
Transformador 20w electronico 
Transformador 40w electronico 
Trampa para raton pega 
Trampa para raton grande adhesiva 
Trampas para raton madera 
Trampa para raton jaula
Ratakol
Cuckol pasta
Rataton
Cuckol pastilla
Tuerca hexagonal 1/8
Tuerca hexagonal 5/32
Tuerca hexagonal 3/16
Tuerca hexagonal 1/4
Tuerca hexagonal 5/16 
Tuerca hexagonal 3/8
Tuerca hexagonal 1/2 50u
Union plastico P/manguera 1/2 (par)
Union metal P/manguera 1/2 (par)
"Union hechiza PVC 1 1/4"" c/rosca"
Union hechiza PVC 2'' lisa
"Union hechiza PVC 4"" c/rosca "
"Union hechiza drenaje 4"" PVC"
"Union hechiza PVC 6"" lisa "
Union PVC 1/2 lisa
Union PVC 1/2 c/rosca
Union PVC 1/2 universal lisa
Union PVC 3/4 liso
Union PVC 3/4 c/rosca
Union PVC 3/4 universal
Union PVC 1  liso
Union PVC 1 c/rosca
Union PVC 1' universal lisa
Union PVC 1 1/4 liso
Union PVC 1 1/4 c/rosca
Union PVC 1 1/2 liso
Union PVC 1 1/2 c/rosca
"Union PVC 2"" c/rosca"
Union PVC 2' lisa
Union PVC 3'
"Union PVC 3"" lisa"
"Union PVC 3"" drenaje "
Union PVC 4' liso
Union PVC 4' c/rosca
Union PVC 6'
Union PVC 2' c/rosca
Union PVC 2 c/reductor 1/2'
Union PVC 2'' hechiso
Union reparacion 1/2'
Uña P/lavamano metal
Valvula check 1 1/4 retencion foset
Valvula check 1/2 c/resorte 
Valvula check 1/2 cilindrico 
Valvula check 1/2 recta Fosset
Valvula check 1/2 tipo ''Y'' Fosset
Valvula check 3/4' recta Fosset
Valvula check 3/4' tipo ''Y'' Fosset
"Valvula check versal 1"" "
Valvula check vertical 1' laton Fosset
Valvula check 1' tipo ''Y'' Fosset compuerta 
Valvula check 1 1/4' recta Fosset
Valvula de bola de 1/2 grival (palanca)
Valvula de bola de 1/2 PVC c/rosca
Valvula de bola 1/2 lisa PVC
Valvula de bola 3/4 lisa PVC
Valvula de bola 3/4 c/r PVC
Valvula de bola 1' c/r PVC
Valvula de bola 1' lisa PVC
Valvula de bola 1 1/4' PVC
Valvula de bola 1 1/2' PVC lisa 
Valvula de bola 2' PVC lisa 
Valvula palanca 1/2' plastica
Valvula de bola 1' metal
Valvula de bola 3/4' metal
Valvula control piso VK 1/2
Valvula control piso 1/2 USA
Valvula control piso 1/2 collec
Valvula control doble 1/2 VK
Valvula control piso 1/2 Fosset
Valvula control pared 1/2 Fosset
Valvula control pared 1/2 VK
Valvula control pared 1/2 USA
Valvula control PVC pared durman 1/2
Valvula Globo 1/2 USA PP
Valvula Globo 3/4 USA PP
Valvula Globo 1/2 fosset
Valvula Globo 1/2 palanca 
Valvula Globo 3/4 palanca fosset
"Valvula Globo 1"" palanca fosset"
Valvula Globo 1/2 grival 
Valvula P/ducha acrilica VK
Valvula P/ducha cromada VK
Valvula P/ducha fosset (Truper) 1/2
Valvula P/ducha cromado grival
Valvula P/ducha acrilico grival 
Valvula entrada P/S fluidmaster
Valvula entrada P/sanitario china 4T
Valvula entrada p/sanitario VK
Valvula entrada P/sanitario fama CE
Valvula p/salida P/sanitario Fama
Valvula desairadora 1/2
Valvula P/tanque flipen c/flotador 1/2 VK
Kit accesorio P/tanque
"Valvula p/tanque c/p 1/2"""
Valvula p/tanque c/flotador
"Valvula granada 1"" bronce "
"Valvula palanca 1"" Italy "
"Valvula palanca 3/4"" Italy "
"Valvula VSI 12N 1/2"""
"Valvula flipper foset 1/2"""
Valvula P/tropigas 2 clips verde  IML
Valvula P/tropigas 2 clips celeste 
Valvula P/tropigas 1 clip
Valvula P/tropigas 2 clips kit verde 
Valvula P/tropigas 2 clips kit celeste 
Juego P/Valv. Tropigas IML Completa
Varilla bronce 1/8 rebestido
Varilla roscado 1/4'
Varilla roscado 5/16
Varilla roscado 3/8'
Varilla roscado 1/2'
Ventosa P/sanitario TW
Ventosa P/sanitario KIKA
Ventosa P/sanitario ARE SH
Ventosa P/sanitario barremax
Vastago P/valvula grival
Vidrio P/soldar claro
Vidrio P/soldar #10
Vidrio P/soldar #11
Vidrio P/soldar #12
Vidrio solaire nevado
Viddrio solaire bronce claro o nevado
Operador p/ventana 
Bloque vidrio
Wipe hilo lb
Wipe tela lb
Wisute Tramontina pequeño 300gr
Chuzo 2' Tramontina
Yee PVC 1 1/4'
"Yee PVC 2"""
"Yee PVC 3"" drenaje "
"Yee PVC 3"""
"Yee PVC 4"""
"Yee PVC 6"""
Yee tee PVC 1 1/2'
Yee tee PVC 1 1/4'
Yee tee PVC 2'
Yee tee PVC 3'
Yee tee PVC 4'
"Yee tee PVC 6"" Amanco"
Yee tee PVC 6'' hechiso
Yee P/lavadora metal
Yee p/lavadora metal truper
Yee P/lavadora plastico VK
Yee P/lavadora c/control 
